{"cameraMode":{"drawMode":0,"name":"Shaded","section":"Shading Mode"},"sceneLighting":false,"audioPlay":false,"sceneViewState":{"showFog":false,"showMaterialUpdate":false,"showSkybox":false,"showFlares":false,"showImageEffects":false,"showParticleSystems":false},"in2DMode":false,"pivot":{"x":-0.105560302734375,"y":0.2115478515625,"z":-0.128204345703125},"rotation":{"x":0.3114885687828064,"y":0.1879066824913025,"z":-0.0629793331027031,"w":0.9293607473373413},"size":0.3069854974746704,"orthographic":true}